{
  "chatbot": {
    "latency_s": {
      "mean": 1.9393694962665904,
      "sd": 0.6187793181394684,
      "n": 15
    },
    "avg_process_cpu_percent": {
      "mean": 10.366942028985507,
      "sd": 1.6433257852569312,
      "n": 15
    },
    "peak_process_cpu_percent": {
      "mean": 19.28666666666667,
      "sd": 2.7325724841168224,
      "n": 15
    },
    "cpu_time_s": {
      "mean": 0.2080424313724419,
      "sd": 0.0883950490846026,
      "n": 15
    },
    "llm_calls": {
      "mean": 1.0,
      "sd": 0.0,
      "n": 15
    },
    "tool_calls": {
      "mean": 0.0,
      "sd": 0.0,
      "n": 15
    }
  },
  "agent": {
    "latency_s": {
      "mean": 1.808042039402062,
      "sd": 1.2677255491118653,
      "n": 15
    },
    "avg_process_cpu_percent": {
      "mean": 30.69315497589182,
      "sd": 8.451522657305365,
      "n": 15
    },
    "peak_process_cpu_percent": {
      "mean": 112.08,
      "sd": 5.583547259583283,
      "n": 15
    },
    "cpu_time_s": {
      "mean": 0.4734445469639736,
      "sd": 0.1859246210325245,
      "n": 15
    },
    "llm_calls": {
      "mean": 2.0,
      "sd": 0.0,
      "n": 15
    },
    "tool_calls": {
      "mean": 1.0,
      "sd": 0.0,
      "n": 15
    }
  }
}
