{
  "chatbot": {
    "latency_s": {
      "mean": 2.6850594990712127,
      "sd": 0.7066923986950635,
      "n": 15
    },
    "avg_process_cpu_percent": {
      "mean": 41.73921347739919,
      "sd": 4.301725947419425,
      "n": 15
    },
    "peak_process_cpu_percent": {
      "mean": 125.58666666666666,
      "sd": 10.593182893234866,
      "n": 15
    },
    "cpu_time_s": {
      "mean": 1.1295994966282723,
      "sd": 0.3418062014843515,
      "n": 15
    },
    "llm_calls": {
      "mean": 1.0,
      "sd": 0.0,
      "n": 15
    },
    "tool_calls": {
      "mean": 0.0,
      "sd": 0.0,
      "n": 15
    }
  },
  "agent": {
    "latency_s": {
      "mean": 2.292974370401741,
      "sd": 1.2299535327331954,
      "n": 15
    },
    "avg_process_cpu_percent": {
      "mean": 65.1916365794606,
      "sd": 13.365074843128774,
      "n": 15
    },
    "peak_process_cpu_percent": {
      "mean": 234.2866666666667,
      "sd": 30.616682349582508,
      "n": 15
    },
    "cpu_time_s": {
      "mean": 1.364758044952115,
      "sd": 0.573661049561331,
      "n": 15
    },
    "llm_calls": {
      "mean": 2.0,
      "sd": 0.0,
      "n": 15
    },
    "tool_calls": {
      "mean": 1.0,
      "sd": 0.0,
      "n": 15
    }
  }
}
