{
  "agent": {
    "latency_s": {
      "mean": 2.1599815798612934,
      "median": 2.339824755967129,
      "sd": 1.1721936501853298,
      "n": 15
    },
    "avg_process_cpu_percent": {
      "mean": 84.49382308589422,
      "median": 77.23106382978723,
      "sd": 15.17660981253969,
      "n": 15
    },
    "peak_process_cpu_percent": {
      "mean": 310.58,
      "median": 300.8,
      "sd": 33.28309738333514,
      "n": 15
    },
    "llm_calls": {
      "mean": 2.0,
      "median": 2.0,
      "sd": 0.0,
      "n": 15
    },
    "tool_calls": {
      "mean": 1.0,
      "median": 1.0,
      "sd": 0.0,
      "n": 15
    },
    "prompt_tokens": {
      "mean": 437.0,
      "median": 367.0,
      "sd": 113.96051947933547,
      "n": 15
    },
    "completion_tokens": {
      "mean": 250.2,
      "median": 275.0,
      "sd": 169.9256980481259,
      "n": 15
    },
    "total_tokens": {
      "mean": 687.2,
      "median": 605.0,
      "sd": 249.4912537831451,
      "n": 15
    },
    "avg_kv_cache_usage_fraction": {
      "mean": 0.002314232441097946,
      "median": 0.0021771173784117257,
      "sd": 0.0012486162970149037,
      "n": 15
    },
    "peak_kv_cache_usage_fraction": {
      "mean": 0.004135300101729393,
      "median": 0.003916581892166815,
      "sd": 0.0017956340309737127,
      "n": 15
    }
  },
  "chatbot": {
    "latency_s": {
      "mean": 2.649521046333636,
      "median": 2.757553656003438,
      "sd": 0.6909696482753076,
      "n": 15
    },
    "avg_process_cpu_percent": {
      "mean": 58.308912853835146,
      "median": 58.814696485623,
      "sd": 2.8324577644108975,
      "n": 15
    },
    "peak_process_cpu_percent": {
      "mean": 204.0,
      "median": 201.0,
      "sd": 6.827151675479309,
      "n": 15
    },
    "llm_calls": {
      "mean": 1.0,
      "median": 1.0,
      "sd": 0.0,
      "n": 15
    },
    "tool_calls": {
      "mean": 0.0,
      "median": 0.0,
      "sd": 0.0,
      "n": 15
    },
    "prompt_tokens": {
      "mean": 105.6,
      "median": 69.0,
      "sd": 55.03609205395518,
      "n": 15
    },
    "completion_tokens": {
      "mean": 383.06666666666666,
      "median": 397.0,
      "sd": 99.91100802118615,
      "n": 15
    },
    "total_tokens": {
      "mean": 488.6666666666667,
      "median": 524.0,
      "sd": 138.8800441628194,
      "n": 15
    },
    "avg_kv_cache_usage_fraction": {
      "mean": 0.0026415308932860606,
      "median": 0.0026408204654851312,
      "sd": 0.0008066377155518511,
      "n": 15
    },
    "peak_kv_cache_usage_fraction": {
      "mean": 0.004326890471346223,
      "median": 0.00462868769074265,
      "sd": 0.001233323511390073,
      "n": 15
    }
  }
}
