{
  "agent": {
    "latency_s": {
      "mean": 1.8888917394603293,
      "median": 2.0138314260402694,
      "sd": 0.5485380669179256,
      "n": 15
    },
    "avg_process_cpu_percent": {
      "mean": 74.40645581441795,
      "median": 72.6328125,
      "sd": 5.129305197979449,
      "n": 15
    },
    "peak_process_cpu_percent": {
      "mean": 525.2266666666667,
      "median": 404.5,
      "sd": 257.44116516946065,
      "n": 15
    },
    "llm_calls": {
      "mean": 5.666666666666667,
      "median": 6.0,
      "sd": 0.7237468644557459,
      "n": 15
    },
    "tool_calls": {
      "mean": 5.666666666666667,
      "median": 6.0,
      "sd": 0.7237468644557459,
      "n": 15
    },
    "prompt_tokens": {
      "mean": 9134.466666666667,
      "median": 10977.0,
      "sd": 3115.1935474533902,
      "n": 15
    },
    "completion_tokens": {
      "mean": 219.93333333333334,
      "median": 243.0,
      "sd": 68.60285985986576,
      "n": 15
    },
    "total_tokens": {
      "mean": 9354.4,
      "median": 11220.0,
      "sd": 3163.9785939315616,
      "n": 15
    },
    "avg_kv_cache_usage_fraction": {
      "mean": 0.006652030922404434,
      "median": 0.0068941485777701495,
      "sd": 0.0011069830574712291,
      "n": 15
    },
    "peak_kv_cache_usage_fraction": {
      "mean": 0.010683282468633445,
      "median": 0.011088504577822955,
      "sd": 0.0007718484273089575,
      "n": 15
    },
    "reward": {
      "mean": 0.18095238095238095,
      "median": 0.0,
      "sd": 0.37590189568527876,
      "n": 15
    },
    "steps": {
      "mean": 5.666666666666667,
      "median": 6.0,
      "sd": 0.7237468644557459,
      "n": 15
    }
  },
  "chatbot": {
    "latency_s": {
      "mean": 0.17199332972522824,
      "median": 0.1786587440292351,
      "sd": 0.031953283337918914,
      "n": 15
    },
    "avg_process_cpu_percent": {
      "mean": 99.89885821170574,
      "median": 94.575,
      "sd": 16.65214060177074,
      "n": 15
    },
    "peak_process_cpu_percent": {
      "mean": 462.56,
      "median": 432.70000000000005,
      "sd": 176.12266747923164,
      "n": 15
    },
    "llm_calls": {
      "mean": 1.0,
      "median": 1.0,
      "sd": 0.0,
      "n": 15
    },
    "tool_calls": {
      "mean": 0.0,
      "median": 0.0,
      "sd": 0.0,
      "n": 15
    },
    "prompt_tokens": {
      "mean": 87.4,
      "median": 90.0,
      "sd": 10.808726633076231,
      "n": 15
    },
    "completion_tokens": {
      "mean": 17.6,
      "median": 19.0,
      "sd": 3.794733192202055,
      "n": 15
    },
    "total_tokens": {
      "mean": 105.0,
      "median": 109.0,
      "sd": 13.948886284267592,
      "n": 15
    },
    "avg_kv_cache_usage_fraction": {
      "mean": 0.0005920182148590066,
      "median": 0.0006273312987453088,
      "sd": 0.00010983448984895012,
      "n": 15
    },
    "peak_kv_cache_usage_fraction": {
      "mean": 0.0009867751780264112,
      "median": 0.0009918616480162346,
      "sd": 9.179835313096906e-05,
      "n": 15
    },
    "reward": {
      "mean": 0.0,
      "median": 0.0,
      "sd": 0.0,
      "n": 15
    },
    "steps": {
      "mean": 1.0,
      "median": 1.0,
      "sd": 0.0,
      "n": 15
    }
  }
}
