{
  "agent": {
    "latency_s": {
      "mean": 2.676083983806893,
      "median": 2.6978002049727365,
      "sd": 0.6625228155906991,
      "n": 15
    },
    "avg_process_cpu_percent": {
      "mean": 61.35058052227077,
      "median": 61.11666666666667,
      "sd": 1.4678653786220792,
      "n": 15
    },
    "peak_process_cpu_percent": {
      "mean": 249.23999999999998,
      "median": 227.1,
      "sd": 58.661715429595624,
      "n": 15
    },
    "llm_calls": {
      "mean": 2.0,
      "median": 2.0,
      "sd": 0.0,
      "n": 15
    },
    "tool_calls": {
      "mean": 2.0,
      "median": 2.0,
      "sd": 0.0,
      "n": 15
    },
    "prompt_tokens": {
      "mean": 489.6,
      "median": 497.0,
      "sd": 76.71636070617532,
      "n": 15
    },
    "completion_tokens": {
      "mean": 344.8,
      "median": 346.0,
      "sd": 95.2884343154284,
      "n": 15
    },
    "total_tokens": {
      "mean": 834.4,
      "median": 843.0,
      "sd": 170.27616224407757,
      "n": 15
    },
    "avg_kv_cache_usage_fraction": {
      "mean": 0.002596521523730896,
      "median": 0.002613880411438908,
      "sd": 0.0005607433577201236,
      "n": 15
    },
    "peak_kv_cache_usage_fraction": {
      "mean": 0.004593082400813841,
      "median": 0.00462868769074265,
      "sd": 0.0009877448015879313,
      "n": 15
    },
    "passed": {
      "mean": 1.0,
      "median": 1.0,
      "sd": 0.0,
      "n": 15
    }
  },
  "chatbot": {
    "latency_s": {
      "mean": 1.203346480266191,
      "median": 1.208608285000082,
      "sd": 0.32651043549703124,
      "n": 15
    },
    "avg_process_cpu_percent": {
      "mean": 58.68071908556498,
      "median": 58.479166666666664,
      "sd": 2.6485082614097326,
      "n": 15
    },
    "peak_process_cpu_percent": {
      "mean": 213.05333333333334,
      "median": 204.3,
      "sd": 21.075844896355598,
      "n": 15
    },
    "llm_calls": {
      "mean": 1.0,
      "median": 1.0,
      "sd": 0.0,
      "n": 15
    },
    "tool_calls": {
      "mean": 0.0,
      "median": 0.0,
      "sd": 0.0,
      "n": 15
    },
    "prompt_tokens": {
      "mean": 144.6,
      "median": 150.0,
      "sd": 16.889557213175923,
      "n": 15
    },
    "completion_tokens": {
      "mean": 172.4,
      "median": 173.0,
      "sd": 47.6442171577142,
      "n": 15
    },
    "total_tokens": {
      "mean": 317.0,
      "median": 321.0,
      "sd": 61.582697013272906,
      "n": 15
    },
    "avg_kv_cache_usage_fraction": {
      "mean": 0.0020285090758160435,
      "median": 0.0020548438498726148,
      "sd": 0.0003437818637737427,
      "n": 15
    },
    "peak_kv_cache_usage_fraction": {
      "mean": 0.0028280773143438687,
      "median": 0.0027975584944048837,
      "sd": 0.0005247593386104209,
      "n": 15
    },
    "passed": {
      "mean": 1.0,
      "median": 1.0,
      "sd": 0.0,
      "n": 15
    }
  }
}
