{
  "chatbot": {
    "latency_s": {
      "mean": 0.2617511269326011,
      "sd": 0.1011946042105117,
      "n": 15
    },
    "avg_process_cpu_percent": {
      "mean": 34.865337619896444,
      "sd": 5.4788564249751115,
      "n": 15
    },
    "peak_process_cpu_percent": {
      "mean": 108.68,
      "sd": 25.447009366805474,
      "n": 15
    },
    "cpu_time_s": {
      "mean": 0.09402507050945068,
      "sd": 0.044076133862184744,
      "n": 15
    },
    "llm_calls": {
      "mean": 1.0,
      "sd": 0.0,
      "n": 15
    },
    "tool_calls": {
      "mean": 0.0,
      "sd": 0.0,
      "n": 15
    }
  },
  "agent": {
    "latency_s": {
      "mean": 0.8622336827936427,
      "sd": 0.10425635269805006,
      "n": 15
    },
    "avg_process_cpu_percent": {
      "mean": 108.71672900871661,
      "sd": 113.65468944209304,
      "n": 15
    },
    "peak_process_cpu_percent": {
      "mean": 1565.7066666666667,
      "sd": 5157.9247845934915,
      "n": 15
    },
    "cpu_time_s": {
      "mean": 0.8970686786383713,
      "sd": 0.8161220792272678,
      "n": 15
    },
    "llm_calls": {
      "mean": 2.0,
      "sd": 0.0,
      "n": 15
    },
    "tool_calls": {
      "mean": 1.0,
      "sd": 0.0,
      "n": 15
    }
  }
}
