{
  "agent": {
    "latency_s": {
      "mean": 0.8710850105271675,
      "median": 0.8897982620401308,
      "sd": 0.10159706207830639,
      "n": 15
    },
    "avg_process_cpu_percent": {
      "mean": 104.29790703149534,
      "median": 103.52473118279569,
      "sd": 6.03476666964917,
      "n": 15
    },
    "peak_process_cpu_percent": {
      "mean": 322.3666666666667,
      "median": 301.4,
      "sd": 41.11205361424983,
      "n": 15
    },
    "llm_calls": {
      "mean": 2.0,
      "median": 2.0,
      "sd": 0.0,
      "n": 15
    },
    "tool_calls": {
      "mean": 1.0,
      "median": 1.0,
      "sd": 0.0,
      "n": 15
    },
    "prompt_tokens": {
      "mean": 636.6666666666666,
      "median": 542.0,
      "sd": 191.64724539284845,
      "n": 15
    },
    "completion_tokens": {
      "mean": 61.333333333333336,
      "median": 65.0,
      "sd": 13.536546651125436,
      "n": 15
    },
    "total_tokens": {
      "mean": 698.0,
      "median": 621.0,
      "sd": 198.4572642013532,
      "n": 15
    },
    "avg_kv_cache_usage_fraction": {
      "mean": 0.001617667487053684,
      "median": 0.0016446252967107413,
      "sd": 0.0006734872785161885,
      "n": 15
    },
    "peak_kv_cache_usage_fraction": {
      "mean": 0.0050152594099695195,
      "median": 0.004348931841302139,
      "sd": 0.0017053550866032042,
      "n": 15
    }
  },
  "chatbot": {
    "latency_s": {
      "mean": 0.26321917133949074,
      "median": 0.24999628099612892,
      "sd": 0.1013982138211484,
      "n": 15
    },
    "avg_process_cpu_percent": {
      "mean": 58.67798665212102,
      "median": 59.59166666666667,
      "sd": 5.889763062434499,
      "n": 15
    },
    "peak_process_cpu_percent": {
      "mean": 205.81333333333333,
      "median": 200.4,
      "sd": 17.984591288364708,
      "n": 15
    },
    "llm_calls": {
      "mean": 1.0,
      "median": 1.0,
      "sd": 0.0,
      "n": 15
    },
    "tool_calls": {
      "mean": 0.0,
      "median": 0.0,
      "sd": 0.0,
      "n": 15
    },
    "prompt_tokens": {
      "mean": 1303.2,
      "median": 1362.0,
      "sd": 187.3355278637771,
      "n": 15
    },
    "completion_tokens": {
      "mean": 31.6,
      "median": 31.0,
      "sd": 13.473784069178826,
      "n": 15
    },
    "total_tokens": {
      "mean": 1334.8,
      "median": 1387.0,
      "sd": 195.32983094535984,
      "n": 15
    },
    "avg_kv_cache_usage_fraction": {
      "mean": 0.007505957198313475,
      "median": 0.007624618514750802,
      "sd": 0.000879882391267607,
      "n": 15
    },
    "peak_kv_cache_usage_fraction": {
      "mean": 0.009521871820956273,
      "median": 0.009384537131230886,
      "sd": 0.000712222570200369,
      "n": 15
    }
  }
}
