{
  "chatbot": {
    "latency_s": {
      "mean": 1.9244986995317352,
      "sd": 0.6139785968284882,
      "n": 15
    },
    "avg_process_cpu_percent": {
      "mean": 42.67422586128683,
      "sd": 4.9837982550772,
      "n": 15
    },
    "peak_process_cpu_percent": {
      "mean": 121.38000000000001,
      "sd": 12.774148000663573,
      "n": 15
    },
    "cpu_time_s": {
      "mean": 0.825888730775799,
      "sd": 0.2966786937115332,
      "n": 15
    },
    "llm_calls": {
      "mean": 1.0,
      "sd": 0.0,
      "n": 15
    },
    "tool_calls": {
      "mean": 0.0,
      "sd": 0.0,
      "n": 15
    }
  },
  "agent": {
    "latency_s": {
      "mean": 1.7949267008691094,
      "sd": 1.2567920510996564,
      "n": 15
    },
    "avg_process_cpu_percent": {
      "mean": 87.4857066103106,
      "sd": 69.61082739563966,
      "n": 15
    },
    "peak_process_cpu_percent": {
      "mean": 1777.0733333333333,
      "sd": 5987.354190108475,
      "n": 15
    },
    "cpu_time_s": {
      "mean": 1.4377233360215265,
      "sd": 1.2939716725029726,
      "n": 15
    },
    "llm_calls": {
      "mean": 2.0,
      "sd": 0.0,
      "n": 15
    },
    "tool_calls": {
      "mean": 1.0,
      "sd": 0.0,
      "n": 15
    }
  }
}
